author_name,author_id,gender,img_counts,link_counts,content,word_counts,voteup_count,com_count,created_time,updated_time,q_created_time,q_title,q_id,can_comment,author_headline,author_industry,author_academic,author_himg,author_bimg,answer_counts,video_counts,question_counts,article_counts,column_counts,idea_counts,voteup_totals,like_totals,collect_totals,professional,public_editor,exauthor,zhihu_authen,ans_included,arti_included,zhihu_referee,followed_counts,fans_counts,live_counts,follow_topics,follow_columns,follow_questions,follow_favorites
Boris,1467324818,-1,0,0,相比马克被割喉，更令我震撼的是教主收编4068的过程，先是抛出条件，接着是意料之中的拒绝，然后把他朋友拉出来，慢慢，捅死，彻底摧垮4068心理防线，趁他还没回过神来鱼死网破的时候再揭开真相，捅死的不是4277，这一套下来，“马克下次猎荒要是能活着回来死的就是4277”就像思想钢印一样烙在4068脑子里了，这小金毛绝对是PUA高手。这一段剧情设计水平相当高，心理上拿捏得死死的，也让4068背叛马克有了可信的动机，“可以理解但不可原谅”对于4068这种黑化的角色算是比较成功的塑造。ps：之前一直不明白为什么冉冰是副官，论身手论能力飞雪墨城还有那些老家伙都不在她之下，这集看出来了，爱人身受重伤，生死未卜，受到这样的打击还不忘自己的职责稳定军心，领导范儿,327,622,43,1599833873,1599846469,1599827183,如何评价《灵笼》第十集？,420623639,0,1,0,0,1,1,141,0,13,0,0,12,7581,589,478,0,89,0,0,0,0,0,136,84,0,30,11,332,1
令狐怕光,1467595060,1,12,0,这部动画前面不讲，你要骂剧情烂，设定有问题都没问题。但是播到第十集，现在出现了一个最为奇怪，或者说有意思的地方。那就是灯塔上面人物模型普遍都是欧美人为主。现在出现的地面部队，却几乎都是东方面孔。我们先看灯塔上面，简直非常明显。男主马克，女主冉冰（算是混血）、城主、黄毛、4068等等。除了墨城和镜南是东方面孔，飞雪名字很东方，但是一直没露脸。其它角色也有东方脸孔的，比如那个抛弃女友的阿福，但是整体不多。整个灯塔人物模型差不多就是男的都是健壮肌肉男，女的丰乳翘臀大长腿混血脸那种普遍的设定。我们再看看地面小队。第十集出现的地面部队，小队一共有五人。除了银发妹子有点混血味道之外（她最后拿的也是唐横刀），另外四人东方元素非常的浓郁。首先是灵态诱导的胖子，这个东方面孔简直了。看着还有种日本人的味道，总让我想起某个日本演员。但又忘记具体是谁了。吸溴雾的同志面孔既像京剧面孔，又有些像日本艺妓那种（求专业指点）。哪怕是日本艺妓，它也是东方文化而不是欧美那种。面孔张开这个镜头，还是有些像《攻壳机动队》的。又一个萝莉型萌妹子。其实模型和艾丽卡差别不大，但她是明显的一头黑发。头发颜色是动画区分角色的惯用手法，不管2d还是3d的（想起头发五颜六色被举报下架的那国产动画）。是你——木兰——最后就是领头的白发妹子，仍然是网红脸的设定，气场强大，但是拿的是唐横刀。最后，这动画播到现在国内很多人骂得挺多。这些先不管了。我觉得它如果真的整成这个。灯塔上生存的西方人其实在画地为牢，而且还在整宗教蛊惑人心那一套。地面中国代表东方文化的人，却选择融入了大自然，在末世的世界到处在浪。假如真的是这样。《灵笼》你是真的牛批！,700,764,117,1599847210,1599849644,1599827183,如何评价《灵笼》第十集？,420623639,0,1,1,0,1,1,230,0,6,0,0,0,14145,1507,1752,0,30,0,0,0,0,0,27,54180,0,8,1,189,0
王诺诺,1468768392,0,2,0,我看完后的内心⬇️,9,69,2,1599907818,1599907818,1599827183,如何评价《灵笼》第十集？,420623639,0,1,1,1,1,1,296,0,18,12,1,147,688072,128503,359690,24,163,0,1,38,0,0,910,434569,20,61,41,829,1
皓皓乎不可尚,1468824853,1,0,0,是灵笼口碑水逆的一次机会。灵笼下半季开播的时候，我一直很奇怪为啥知乎没有相关问题，那时候哔哩哔哩的灵学家们一个比一个活跃，知乎灵学家却偃旗息鼓，后来刷一刷才知道，灵笼前几集在你乎优越人士口中被贬的一文不值。等了半年，第十集终于上线，地面人横空出世，bgm欢快灵动，新人类充满了希望，和灯塔人的压抑，刀子满天飞形成了鲜明对比。全员东方面孔，浓郁的东方元素直接打了那些给灵笼贴“全面西化”标签的人一个响亮的耳光。灵笼的叙事是以西方为中心的叙事视角，和当今世界历史叙事中的欧洲中心一致；灯塔本身就是西方社会糟粕的缩影，等级制、公开火刑、极端理想国、宗教控制和愚民政策，被完整又赤裸裸地展现在观众面前。反观地面人，他们选择了一条和灯塔截然不同的进化道路，他们两次救下猎荒者小队，并不想与灯塔为敌，因为他们知道在末日中人类都是命运共同体。灯塔人对地面人感到恐惧，不惜修改历史把地面人塑造成灯塔的敌人，故步自封、自以为是，才是真正阻碍人类进步的势力。灵笼前九集铺垫了那么久，就是为了这一次大逆转。对灯塔人而言是末日，对地面人来说是机遇与挑战并存的新时代，是领导人类进化的好时代。灵笼的结局也不可能是什么传统故事说的，人类终于战胜了末日云云，或者人类团灭的反人类价值观，灵笼的核心价值观就是人类命运共同体。无论是东方人还是西方人，无论选择什么样的进化发展道路，面对“末日”的地球，或者说地球生态的新常态要学会适应新的生态，融入新的生态中，与之共生共存共同进化，而不是敝帚自珍地一位地坚持与之对立。最后一句话，我支持灵笼，你们可以喷我了。,661,52,16,1599910122,1599914711,1599827183,如何评价《灵笼》第十集？,420623639,0,1,1,0,1,1,40,1,3,0,0,18,130,11,1,0,14,0,0,0,0,0,129,7,0,61,18,218,0
得闲晒被,1468532877,1,2,0,艺画开天的男主真不好当，不是被割喉上脊椎，就是缺眼断脚。等待重生。。,34,34,2,1599899020,1599899020,1599827183,如何评价《灵笼》第十集？,420623639,0,1,0,0,1,0,23,0,6,0,0,0,257,27,13,0,42,0,0,0,0,0,0,2732,0,10,0,28,0
诚言SIR,1467264697,1,0,0,就，很精彩。虽然《灵笼》看似披着欧美化的故事皮，里面的人物普遍是外国人，每个人都是健壮肌肉男，女生大长腿。讲述的故事，也似乎是西方的那一套“自由高于生命”的好莱坞式理论。但中国真的目前还没有一部动画，能在技术层面做到跟《灵笼》一样，场景极度宏大，故事线丰富，画面细节用心，远处的山峰，近处的机械质感，就连爆破，击打的特效也做得一级棒。我从第一集看到第十集，每每被精彩的战斗场面吸引，忘记给我儿子换尿布。我知道马克队长死不了，但看到他被割喉的那一刻，还是觉得出人意料。我不认为故事性和逻辑性可以降低它的评分，就单论战斗设定和场面，它都是一部里程碑式的动画。多说一句，你小时候玩拳皇的时候，会在乎故事在说什么吗？,304,130,46,1599831608,1599831608,1599827183,如何评价《灵笼》第十集？,420623639,0,1,1,1,1,1,539,4,0,485,2,159,631054,35565,71696,9,6,1,0,18,4,0,63,113248,1,18,27,531,0
千反田爱瑠,1467265731,-1,0,0,只想说不要骂4068了首先他是起剧情推动的工具人然后他也是被逼无奈，一开始他是拒绝杀掉马克的，但他以为4277被捅死的时候不仅仅是他，连我都握紧了床上的被子，4277对于他来说就跟家人一样，为了她去做这些事也情有可原。最后他还是个好人，请大家理智观看，毕竟马克还活着,133,50,30,1599831650,1599835468,1599827183,如何评价《灵笼》第十集？,420623639,0,1,0,0,1,0,7,0,1,0,0,0,73,2,3,0,3,0,0,0,0,0,1,6,0,0,0,10,0
风只个摔,1468938403,1,0,0,我应该回答过这个问题吧……好吧，那就再发一遍，这一集我印象最深的一段瞬间有种如同电影《迷雾》结局里绝望到自杀得只剩男主军队却突然出现的怀疑人生之感,73,8,1,1599914649,1599914649,1599827183,如何评价《灵笼》第十集？,420623639,0,1,1,0,0,0,97,0,7,0,0,0,806,98,47,0,42,0,0,0,0,0,1,16,1,15,0,109,0
野良神,1469028698,1,8,0,《白毛女异闻录》灯塔12年银发女子到摩根所在猎荒者军团到地面执行任务，随后失踪，原因不明。灯塔51年马克在地面目击银发幸存者，而且好像拥有控制噬极兽的能力，所以她的中枢神经跟噬极兽相似，并且更加高级。推测出年龄：时间跨度40年，那么银发女子真实年龄至少超过55岁，然而外表保持在25岁左右，说明她已经达到了某种意义上的长生不老。地点：灯塔12年于北半球漂浮，51年目击发生在南半球澳大利亚，如果两个银发女子为同一个人，那她用了40年的时间，横穿南北半球，也可能是反复横穿，但仍能安然无恙，实力恐怖如斯。银发女子第10集中出场，看到马克后的云淡风轻。有三种可能，第一，因为追求的生存理念不同，她对灯塔来客只有漠视；第二，外表与真实年龄不符，已经在地表驰骋几十年，见过太多风浪，一个小小马克，无法调动她的情绪波动，也与外表形成强烈反差，气场爆棚；第三，她的生命形态，已经不属于人类范畴，且超越人类，所以这不是漠视，是高层次生命对低层次生命的俯视。象征：12年，她将重力体装置给了城主，凭借一把剑游走于战场，然后就此分道扬镳。银发女子象征另一种生存方式，更加奔放与自由，而不是囚禁于灯塔之内，但是做到这点必须放弃做人的资格。所以，尘民们，还等什么，快投奔银发小姐姐吧！去他妈的查尔斯，老子不做人啦！,546,10,2,1599917837,1599918137,1599827183,如何评价《灵笼》第十集？,420623639,0,1,0,0,1,1,154,0,0,0,0,1,132508,10805,10727,0,16,0,0,0,0,0,163,9342,0,18,0,1369,0
刘世宇,1467280787,1,10,0,好消息是，马克的老师虽然远行，但是应该没事，会活着坏消息是，冉冰怕是没了！！！！！！！！！！！！！！是的，以上是第十集藏的，跑回去看PV能明白1.看脖子上这个疤痕，说明PV在第十集之后发生2.如果说的是红寇死亡，马克算不上被夺走一切，这个应该指的是冉冰3.如果冉冰活着，马克应该不会这么放肆4.马克的老师没有因为远行而死（纯属猜测）5.白发的冉冰和地面的白发女王应该有一定关联，可能是都会利用猩红素之类的能力，然后嘉利博士利用这点，救了马克，激活了原本属于冉冰潜藏的能力，但是同时献祭了冉冰的生命，以上属于猜测。马克的能力，估计是能吸收他人体内的猩红素和生命源质之类的。最后，感谢@kinbery帮忙纠错,302,45,15,1599832219,1599843841,1599827183,如何评价《灵笼》第十集？,420623639,0,1,1,1,1,0,7,0,0,0,0,0,163,68,66,0,0,0,0,1,0,0,99,23,2,0,8,22,0
风幻梦,1467340106,1,8,0,"含有：微量：乱七八糟的未来剧透,不喜者请跳过补充反“未来剧透”无关图免得浏览回答结果还给看到了。过瘾的剧情。全程无尿点。我自己看的刀子片有几部所以觉得这个4068干了这事情一点也不意外，加上之前看到有人也分析过马克的脖子伤口怎么来的，算是伏笔回收×1。2018年那个超长PV不是白放的。那里面10分时间的样子也有一个刀子哦，也许会在第三季发出。我个人还是很喜欢对于4068的刻画，从他犯罪后的身体的不由自主的表现与落泪，仿佛灵魂已经重度震荡一般，善良占主导的显意识也受到了极大的伤害，说人话整个人都不好了。结尾处居然把小白鼠带上来了，非常的意外！我猜猜呀，杰西卡的少女心还是大大的有。不过略显疯癫的嘉莉博士登场才是本段落最有意思的，不然的话直接把队长带去医疗就显得平淡了许多。另外，墨城真帅！其实我上一集就关心能不能带点宝贝回来，结果这次带了不止一个，对就是那个刺鳗的骨刺。要是不带这个回去，雪峰用生命换来的发现就太不值了。这很明显是转折点了，从完全被压制到了燃起反抗的火种。虽然我还想以后继续去这个医药公司找药，但是有鉴于怪很强大，暂时还是别去了。另一个大宝贝健健加入了，我想吐槽的是你到底是什么级别的扫描能力，之前透过机甲都能扫到里面的人？最后白月魁队伍神秘的行动伴随动感的音乐与出乎意料的行径，我还以为是光影教会例会之地面版，哈哈哈哈哈哈哈哈哈。没想到白月魁他们也只是一小部分。看看CV表再看看应该会出来的人物们没想到除了白月魁之外就出来了一个人，我估计是全部出来，我太嫩了。另外吐槽几个事情，没人想找到伤害马克的凶手？4068还能不被怀疑的回去？明显的第一号嫌疑人，估计也是唯一一个。生命公式的面纱都要揭开了，你给我压了。就像有一道佳肴要做好了突然能源供应没了。",735,27,10,1599834458,1599875843,1599827183,如何评价《灵笼》第十集？,420623639,0,1,1,0,1,0,33,0,0,0,0,21,81,15,17,0,0,0,0,0,0,0,40,2338,0,0,2,173,0
克家派,1467955199,1,0,1,这一集印象最深的应该就是白月魁出场的那几秒了，短短几秒钟的转场+音乐，慢动作和人物表情的对比，一边是马克的惊讶疑惑，一边是白月魁的面无表情，搭配背景音乐的鼓点和节拍，简直帅到起飞。如果有动画分镜奖的话，这几秒钟的镜头可以排个年度前三。上一集艾丽卡丢盾牌虽然也很帅，但是没有这么大的冲击力。剧情上来说，就跟我在《关于我仍然看不清灵笼的剧情走向这件事》里的观点一样，即使播到第十集，灵笼的发展还是看不清。但毕竟也到了第十集，所以第一季也必须迎来某个节点，从这个角度来说，这次出现的地面上五人的剧情，在接下来就算有也不会很多，就是放了个钩子。这样看的话，第一季最后2集或者3集的剧情，就是在灯塔上，核心人物是马克、冉冰、4068三个，马克肯定能活，但冉冰不好说，目前认为会死的讨论比较多，我觉得就算冉冰真的牺牲，观众也应该感谢编剧，毕竟后半段用战斗和新人物等剧情冲掉了很多冉冰的戏份，要不然眼泪会更不值钱。4068是很重要的设定，查尔斯要怎样处置4068才合适呢？4068暗杀没有成功，而且马克醒过来一定不会放任不管。而假如4068成了上民，他又要怎样安排4277，成为上民是有很多特权的，4068还会是那个勇敢不服从的4068么？,513,13,1,1599878486,1599878486,1599827183,如何评价《灵笼》第十集？,420623639,0,1,0,0,1,0,46,0,1,10,1,0,324,36,25,0,6,0,0,0,0,0,2,8,0,11,0,57,0
蠢哭的红莲酱,1468299638,1,24,0,第十集出来没多久，一则“灵笼编剧没有心”的热搜首先挂上榜单。按照这个情形，编剧大概可以靠卖刀片，实现自己“财务自由”了吧。（笑cry~）言归正传，第十集查尔斯蛊惑4068，用一枚旧世界手表+4277的性命，让4068眼睁睁经历绝望，却又在拉下破布的那刻，给了他：“还好不是4277”的希望，这一刻，宛如代为牺牲的那位，只不过是一个阴谋的工具，而不是一位活生生的人。4068和4277，猎荒者丽塔和阿福，每个人都有自私的一面。不论是查尔斯前的4068，还是那喊着“对不起”跑走的阿福，这种小人物的心境与选择，其实正是社会与人性该有的一面。正义与黑暗，绝不是非黑即白的，而作为人更不会如此。所以，当那些在地狱边缘群舞的人们，还能忙里偷闲地“酸”大家一阵，那种小确幸般的幸福，虽如萤火，却能让整部作品在情感氛围上，迎来升华。说回来，《灵笼》的编剧是当真受“克苏鲁”文化影响：触手、蠕虫、寄生......神秘气息笼罩的旧世界，远比丧尸遍地的末世更为可怕。来到地下的人们，仿若闯入名为《迷雾》的小镇，谁都无法预料，接下来将遇到什么。尤其，是当拿药小组遇上「息壤」，一个个被怪物拖走的画面；当「花萼兽（蜕变型噬极兽）」将人的生命源质吸收，继而排出肉土之时；当4068无意间闯入「花萼兽（蜕变型噬极兽）」的大本营，看到成千上万人组成的“尸山骨海”之时......没有心？挺好的~这不把神秘、绝望的气氛，拿捏的死死的嘛。《灵笼》给人多少希望，那么这部剧就有多绝望。「希望」与「绝望」，是一个恒定的守则。不过，相比“编剧有没有心”的论点，红莲更关心地上的“幸存者小组”们。看起来，以白发神秘女为首的组织，并非是噬极兽的人类形态（不是《噬神者》希欧的存在），而是在20年的斗争中，逐渐找到与噬极兽“共存”的方式。或者说，他们本就知道噬极兽的习性，亦或本就出自他们之手？这就不为人知了。比如说，这位直接将“猩红素”当作负氧离子一般，一口气整到肚子里，然后放了个响屁......嗯？这到底算是净化呢，还是这位的“进食”选择？另外，虽然玛娜之花不共计人，但在这些幸存者眼中，似乎有一定的“经（yao）济（yong）价值”。兴许，马克的濒死是一个机会，一个变强、进化的机会。这位旧世界的“器官”材料供体，貌似是经科学家迭代改造的“完美人类”，大概也只有他，能经得起这种折腾了吧。而灯塔上的其他人，是否会经历「生」or「死」的选择呢？兴许，我们能期待一波噬极兽的高智存在：蛊惑猎荒者的某位，让它演上一出“特洛伊木马”的戏份，就像《BlueGender》虫子团灭空间站的那一幕。毕竟，查尔斯可以，谁说噬极兽不可以呢？,1092,20,1,1599890695,1599890695,1599827183,如何评价《灵笼》第十集？,420623639,0,1,1,1,1,0,1,0,0,2,1,0,35,2,2,0,0,0,0,0,0,0,1,9,0,9,1,1,0
一骑绝尘,1467303104,-1,4,0,补充，白发女真名极有可能为：白月魁信息量没有第九集多。中间的一首歌让节奏有点不过瘾了。可能部分女生会喜欢？？开场打败较大的噬极兽，就是那个跟屎壳郎差不多的那个。这段还是比较精彩的，冷兵器，热兵器，噬极兽开大，像极了一些游戏的操作，给我的感觉就像当年玩鬼泣一样，但丁或者尼禄打boss那种感觉。被歌喉是意料之外，情理之中。BGM暴露了一切。光影会黄毛，忘了叫啥，原谅我记不住这样的名字，黄毛这个角色塑造的挺成功，腹黑学的典型代表。不择手段，没有亲情，没有人性，只有权利的欲望。地面人员出现了5个，看这装备，像极了猎谎者。可能是跟初代早期猎谎者有关系。白毛女帮助了这批猎荒者，但她到底是哪个阵营的还不好说。毕竟是站在大型噬极兽肩膀上的女人。马克背后有脊蛊，被老女人医学博士带走。多半又启动了临渊者计划。从pv来看，马克脖子有条疤，复活应该是一定的了，主角光环在这里。死了就可以全剧终了。基本就这些。还有一条，骨刺是可以杀死噬极兽的。马克看起来同样是被用骨刺割了喉咙。所以没法回复？,438,18,10,1599833042,1599916274,1599827183,如何评价《灵笼》第十集？,420623639,0,1,0,0,1,0,6,15,0,3,1,0,30,0,0,0,0,0,0,0,0,0,21,2,0,50,2,11,0
禾厶,1468618771,-1,0,0,整体我是觉得还是第九集更c蛋。第十集我已经做好了被刀的准备，但是想的是冉冰。也清楚马克不会出大问题的，但是音效还是炸裂了，割喉那一段我听疼了o(╥﹏╥)o。看见4068冲上去的时候我怀疑过这个小子要使坏，但是……之前两集的剧情，不知道大家什么看法。我真的有改观，帮重力体战士，还有折返回去救人等等，我觉得他是个有心的人，可能不会反水了，说不准还有希望为主角团出力。但是！就在我觉得这小子把路走宽的时候，他掩耳盗铃响叮当的给我来了个背刺！！！刺懵逼了好吗！就像第九集一巴掌肉泥，艺画开天不是人！4068的选择我也真的不知道怎么说了。反正黄毛个辣鸡变态！再次，艺画开天不是人！这情节设计好过分呐！最后，白毛小姐姐吼帅吼吼康啊！,311,3,2,1599902108,1599902108,1599827183,如何评价《灵笼》第十集？,420623639,0,1,0,0,1,0,106,0,0,0,0,1,2140,211,148,0,4,0,0,0,0,0,30,2962,0,8,0,250,0
ggh,1467367035,-1,0,0,好好的动漫，结尾变成了玄幻剧,14,12,19,1599835431,1599835431,1599827183,如何评价《灵笼》第十集？,420623639,0,1,0,0,0,0,45,0,9,0,0,0,23,5,2,0,37,0,0,0,0,0,19,3,0,0,10,57,0
寒夜惊容,1467671545,-1,0,0,看了几个答案，没有一个谈马克的。我个人感觉这集是艺画对马克情感色彩下的最重的一集，被割喉的一刻，我能感觉到他眼神的迷茫与不解（我相信无论面对多强的噬极兽他都不会出现那种眼神）他拉住4068我想只是在等一个解释。做为一个马克粉，这集的刀子真的直击靶心。希望马克苏醒的过程可以一帆风顺，别再让我邹着眉头看完一整集了。最后感谢艺画让我爱上了灵笼。,170,7,0,1599864366,1599908397,1599827183,如何评价《灵笼》第十集？,420623639,0,1,0,0,1,0,3,0,0,0,0,0,7,0,0,0,0,0,0,0,0,0,6,1,0,1,0,8,0
大威天bo,1468489615,-1,0,0,看完了这集，如果pv里的内容没改动的话，我有种预感：1、马克后面会和临渊者计划里的神秘铠甲合体，马克的复活跟这个神秘铠甲有关2、冉冰大概率后续会领便当，这可能会成为马克脱离灯塔的导火索3、猎荒者成员后续会叛逃灯塔，与地面的教官汇合，从pv可以看出他们的武器升级了，估计他们可能加入地面幸存者的阵营3、地面或者说地下存在着人类幸存者的聚集地，那里的人类对于玛娜生态的研究高于灯塔，科技树也与灯塔不同4、pv里的女医生很可能就是人类幸存者聚集地的一员，不过也有可能是灯塔的新猎荒者5、我觉得最终boss会是外星生物，噬极兽就是他们创造出来消灭人类的生化武器，他们很可能跟噬极兽一样，是以生命源质为食。这样未来人反对星际移民也就说的通了，毕竟留下来的大多数要面对这些东西，换谁都会反对。我估计有不少人在噬极兽打过来之前就已经跑到太空去了。,366,4,0,1599897577,1599899532,1599827183,如何评价《灵笼》第十集？,420623639,0,1,0,0,1,0,619,3,15,0,0,8,20173,1231,495,0,91,0,0,0,0,0,29,343,0,0,0,712,0
放逐之地,1468588130,1,0,0,看完有些生理不适，别笑……是真的不适。里面的一些场景和画面心理不好的千万别硬撑。不过能让人感觉不适，而不是让人想笑，这一点就已经很成功了。比起那些靠着氛围吓唬人的鬼片，灵笼的渲染和剧情才叫一绝，明明早就把恐怖的展现给你了，可是你还是忍不住想看，越看越害怕，但还是要看。可能这就是灵笼的魅力所在吧。最让人惊喜地就是第十集的强大对比。纯种人类的绝望抗争，和地面幸存者的轻松惬意。毫无疑问，只有放弃人类的身份，才能在末日之中融入新的生态中。想要靠着人类的武器去消灭噬极兽，那只是痴人说梦。本就不是以常理来度量的噬极兽，也不会受常理束缚。经过第十级，可以很明显的看到，地面不仅有人生存，甚至还会有残余或者新衍生的文明。灯塔绝对不是人类最后的明灯。但它是“纯种”人类最后的明灯。人类不会灭绝，新人类会逐渐适应新的生态，走向繁荣。说是末日流，其实也是灵气复苏流。只不过这里的灵气，是生命源质。也就是说，别人修炼靠天地，他们修炼靠生命。不仅以毒攻毒吸收猩红素转化生命源质，甚至还会采用噬极兽的身体材料来制作古武，这就是另一条科技路线。主角后面也会开启作弊模式，要想开挂，就要先挂。其实老城主必然知道地面的情况，但他心里还是觉得只有纯种人类才是人类，而那些融合了其他基因甚至是噬极兽部分基因的已经不算人类了，所以才对之前那个站在剑齿双鄂兽的女子那么反感。我有种预感，地面肯定还会有残余人类建立起的基地。而且按照现有信息来看，很有可能地面的人类都会有不同的能力。不仅仅是控制和融合，更重要的可能是猎杀噬极兽，吞噬噬极兽，夺取玛娜之花内的生命源质。前面绝望的差不多了，虽然可能还有更绝望的（对抗君王级噬极兽），但总的来说，人类还是很有希望的。只是，这个希望要抛弃纯种人类的想法才行。打不过怎么办？那就加入（玛娜生态）吧！,750,8,0,1599900991,1599900991,1599827183,如何评价《灵笼》第十集？,420623639,0,1,0,0,1,0,637,0,23,0,0,2,15729,1226,1405,0,95,0,0,0,0,1,29,3910,0,8,3,868,0
北国佳人,1468565519,1,0,0,看完心里只有一种感觉——剩下的三集能把故事讲完整吗？马克被割喉时，马上就想起来17分钟的PV时马克脖子上的割痕了，但是被割喉还能活下来，身体不变异真的很难说的过去。马克被噬极兽打上天时，侧脸一瞬间和陆地生存的人类白毛女对视时的那个配乐，妈呀，太绝了，杨秉音老师牛逼。金毛是真的PUA大佬啊，又恨又绝，希望大结局给他来个“好下场”……这一集没有解释前面出现的马克小孩子时期的克隆人是怎么一回事，希望后面别漏了。还有，真的不考虑出个电影吗？一定贡献票房带全家看。。。我估摸着下一季剧情会不会是：冉冰为了救被脊蛊附身的马克，亲自带队下去找药之类的，被杀害了（天啊，千万不要），因为那个女博士把马克带走时，对冉冰她们说“就看你们有没有这个胆子”，结合PV里马克老师对马克说的话，冉冰……大概率……会牺牲（）。这个故事的爱情线可能是个悲剧，然后从人类这个宏观线上来看，可能会取消灯塔上的不人道制度。好心痛，希望有别的转机，别让我奶中。,412,4,1,1599900154,1599900154,1599827183,如何评价《灵笼》第十集？,420623639,0,1,1,0,1,1,63,0,7,0,0,0,261,62,7,0,77,0,0,0,0,0,0,16,0,7,0,116,0
萧辰逸轩,1468777233,-1,0,0,很多人都对4068反水杀马克不太理解，我个人却觉得这倒是最优解，只是处理得有一点点不好，但已经足够震撼了。其实我也想过4068如果直接告诉马克他被黄毛威胁的事情，或许这样可以有个两全的结局，但仔细想想还是觉得不行，从三点来说。第一点，如果4068告诉马克黄毛威胁他的事情，他与马克联手，把黄毛反杀，玩他玩得团团转，这样不太符合黄毛的人设，如果黄毛这样就被戏耍了，那么之前渲染了半天的阴险毒辣，城府极深的黄毛一下子就显得很呆很傻了，这样发展更像是子供向动画了。第二点，这样做不符合故事的发展，4068说到底只是个配角，如果他两边通吃，把马克和黄毛各种利用到极致，那他不就成主角了嘛？4068的作用只是凸显在乱世苦苦挣扎的尘民的悲惨遭遇和推动剧情，而且如果4068真的配合马克把黄毛打败，那之后的剧情发展就太顺了，马克顺理成章成为城主，开放阶级固化，为了弥补大量尘民晋升为上民的消耗，去地面寻找白毛女的合作，然后发现世界的真相，最后改变世界，大家一起在地面生活，这样发展不就热血漫了吗？根本体现不出乱世的绝望和挣扎感觉。第三点，如果4068向马克求助，告诉了黄毛的阴谋，马克真的保的住4277这样一个尘民吗？光影教作为灯塔的末日宗教信仰，其实是很难撼动的，哪怕是城主也不可能随便将光影教覆灭，更别说马克还没有成为城主，如果马克执意要为4277与黄毛翻脸，与光影教势不两立，马克的队友肯定会跳出来劝说马克算了，只是一个尘民没有必要，要知道一开始4068救了一个猎荒者队员，但在被息壤追的时候，猎荒者最终还是放弃了他。在灯塔只是马克和少数几名猎荒者对尘民友善，更多的上民可是对尘民非常嫌弃的，所以马克哪怕为了4277与黄毛翻脸，也觉对会被众人反对，马克真的不一定能从光影教手上保的住一位尘民的，更何况这个尘民与他也非亲非故，只是因为对尘民友善这点还不足以让马克拼命，除非是冉冰。还有就是地面的只是生物技术，其实根本不像是什么修仙，还有人觉得太扯了，但噬极兽这种生物你们看了这么多集都能接受，为什么人性的噬极兽就不行呢？可以说噬极兽只是人类生物科技失控所造成的悲剧，说不定这些噬极兽曾经都是人类呢？只是基因进化失败的人类，白毛女一队人只是基因进化成功的小部分人而已，这哪里就修仙了？生物技术可以创造无限可能的好吧？绿巨人没看过？闪电侠没看过？美国队长没看过？真正的修仙玄幻可比这更扯好吧？,989,4,1,1599908151,1599908151,1599827183,如何评价《灵笼》第十集？,420623639,0,1,0,0,1,0,339,0,7,0,0,0,1386,116,57,0,36,0,0,0,0,0,5,751,0,37,0,357,0
Martin,1467356701,1,0,0,不请自来。我觉得4277不仅仅只是代表着女朋友而已，ta也可以是你的兄弟，你的家人，在我看来更多的是象征着一个人的软肋。如果你们真能做到弃软肋与不顾，那么ta也称不上是你的软肋了，扪心自问，反正我是做不到。（我只说了我做不到，別杠，杠就是你是对的）我其实挺想问问，你们这辈子有做过后悔的事情吗？那在当时，是不是也有个人会像你现在评价4068那样评价你：这个人好蠢，如果这样这样做，不就好了吗？谁也不是上帝，没法了解到所有事情的前因后果，当下做出的决定，仅仅只是自己当时所能想到的或许称不上是最优解的最优解。最后说一句，艺画开天是真的牛皮。对人性的解剖真的可以说是非常透彻了，不仅仅是《灵笼》，以前的《疯味英雄》也是（可惜第二季被腰斩了。。）人非圣人，孰能无过。况且他只是一个对地面知识极度匮乏的尘民，我们不能拿自己上帝视角或者说上民的标准去要求他。4068固然犯了很大的错误，但我觉得最大的原因还是要归咎于灯塔的制度，以及个人的无知。,417,22,2,1599835041,1599835270,1599827183,如何评价《灵笼》第十集？,420623639,0,1,1,1,1,1,13,0,12,1,0,0,78,6,6,0,69,0,0,0,0,0,8,368,0,21,0,26,0
阿坑,1467199334,1,0,0,看前面感觉确实不太一样。马克PK干掉怪物，然后才放出片头曲，然后尘民反手杀掉马克，然后地面白毛女用新式武器出手。节奏快了，结构有了，剧情反转了，地面人员也搞起来了。还以为这动画就此进入了新篇章，然而马上就回到了老样子。地面的人也不去管，进入各种回忆和煽情，甚至还插了一首抒情歌曲进去。缓慢的剧情发展，幼稚的人物表现，还是原来的配方和原来的味道，还是那个青少年情感大片。直到灯塔上的女科学家出来，总算还有点花样。最后地面的面具人吸气放屁和白毛女拔剑念词出得太晚，镜头太少，逼格虽高，但信息量和剧情的发展实在有限。这已经是第十集，第一季只剩下两集。,272,28,35,1599829180,1599834006,1599827183,如何评价《灵笼》第十集？,420623639,0,1,0,0,1,1,965,0,34,34,1,11,7330,798,519,0,280,0,0,0,0,0,270,9295,1,200,25,3450,1
俗人,1467302035,-1,0,0,灵笼第十集的播出让我惊艳许久。灵笼开播一来，拖沓的叙事节奏和不合理的角色演出都使人诟病。但在第十集，艺画开天进步明显。尤其是猎荒者回灯塔与冉冰相遇的片段，克制含蓄的演出让人更加有代入感，不再是报幕式的交代剧情。灵笼第十集的播出让我对艺画开天三体项目的信心大增。,130,6,1,1599833001,1599833001,1599827183,如何评价《灵笼》第十集？,420623639,0,1,0,0,1,0,2,0,1,0,0,0,6,0,0,0,4,0,0,0,0,0,39,2,0,54,1,31,0
秋裤,1468126165,1,0,0,修仙五人组出场的bgm真带感,14,5,1,1599884549,1599884549,1599827183,如何评价《灵笼》第十集？,420623639,0,1,1,1,1,1,60,0,2,0,0,0,240,32,7,0,8,0,0,0,0,0,1,16,0,3,0,67,0
shifangda,1467564837,1,0,0,第十集结合pv分析一波。PV中的内容推测为：马克复活后拥有了吸取猩红素并强化自己的能力，可以单人刚大型噬极兽，飞雪和假肢男还有老教官都是拖延时间的。马克等人脱离了灯塔原因可能为摘除脊骨兽需要冉冰献祭一部分自己的生命源质。pv中的剧情应该是马克等人脱离灯塔几年之后，再野外搜寻时发现了被全歼的灯塔地面部队，并不像简单的出任务，而是近似有了地面的固定站点。猎荒者出任务不带军医，pv中女军医德存在想不懂......说明下pv的内容是一个走向并不是提前的剧透所以我考虑马克队长一吻就说明冉冰领盒饭是不恰当的更多的是想象剧迷透露猩红素的强化能力核心猎荒者队员的走向以及灯塔的发展。这一吻十分浪漫但是主题曲一直爱不起来......灯塔里女博士展示了科技走向的猩红素驾驭能力银发女展现了玄幻走向的控制能力脸谱男与马克的能力如出一致最后猜测下马克被改造后脊骨虫无法取出必须不断吸收猩红素所以迫不得已离开灯塔。但是建立歌喉男4067这条线就不好解释了没用了。还有pv里面的女主角是不是4076的女朋友长辫子妹妹?本剧挖坑太多建议周更要不出点漫画!等的我头皮发麻!,473,5,1,1599844533,1599844698,1599827183,如何评价《灵笼》第十集？,420623639,0,1,1,0,1,0,12,0,1,1,0,0,16,2,1,0,2,0,0,0,0,0,102,5,0,47,17,28,2
数据海洋,1467268686,0,0,0,反派的得手无意间成就了主角的进化，这种套路并不少见。但是，地面那些人的技能……我有点不能接受啊(￢_￢)就是在现实世界里出现了这样玄幻技能的不真实感为了生存而放弃成为人类？这个选择可太难了,94,4,11,1599831761,1599902854,1599827183,如何评价《灵笼》第十集？,420623639,0,1,1,0,1,0,15,0,1,0,0,0,17,2,2,0,2,0,0,0,0,0,41,1,0,8,3,24,0
stupidboy,1468807319,-1,0,0,别tm邀请我了。我想看的是逻辑完整剧情深刻的末日废土。灵笼拍的是天马行空玄幻爽文，还是几年前的虐主开挂流，节奏还一塌糊涂，还喜欢硬煽情。我不是它的受众。,76,3,0,1599909374,1599909374,1599827183,如何评价《灵笼》第十集？,420623639,0,1,1,0,1,0,187,0,5,0,0,3,10506,681,577,0,18,0,0,0,0,0,148,554,0,44,9,240,2
青二才,1467176184,1,0,0,终于知道以前PV里面马克脖子上的伤口哪里来的了，还有为什么马克背后会有那玩意出现。马克没有死多半是被“临渊者”计划给救了。变成超强人类。冉冰应该会死，不然马克就不会在pv里面亲那个女的了。地面人类出现了，出现了很多新的人物和地面科技。第十集感觉不够过瘾，还是第九集舒服。,135,14,4,1599828268,1599838085,1599827183,如何评价《灵笼》第十集？,420623639,0,1,1,0,1,1,205,0,15,3,1,42,19232,2462,2485,0,64,0,0,0,0,1,40,502,0,83,0,179,0
ZNZHANG,1467571184,1,0,0,这个尘民是真的惨其实他身上的一些东西就是一些普通人会有的一些东西但是被黄毛这么一搞你别说他了我在电脑面前看着都觉得受不了这手段太恐怖了黄毛这种人是真的狠到极致了他没有把尘民的命当成人命拿一把刺刀就这么折磨正常人谁顶得住啊专门回去看了PV马克脖子是真的有伤看来活了1.老师也没死这个是真的好消息2.马克作为主角应该也是没死的而且在脊骨附身之后还得到了超能力看PV也看得出来他在有意无意的吸收猩红素应该是进化了3.10集评论底下有位朋友说了可能在那个时候的地球普通的人类已经无法适应地球上的生活可能灯塔上更多的人会在后期同样获得一系列或大或小的能力也不一定是能力可能也会是找到了在地面生存的方式至少不会说一碰到中级怪就被虐的不行不然你像这两集一堆人冲基地死得太惨了人类后期不加强很难赢末日适者生存也是作者想传达的内容之一吧4.在现在的地球可能还会有像神一样的群体存在视频里面也有用祂指代祂们可能预言了人类会毁灭啊什么的而且这种预言公信力应该很高不然像光影之主那种哪个正常人会信越来越期待灵笼的发展了这世界观真的宏大5.冉冰小姐姐……感觉50%后面会出事吧PV里的对话指向性在目前剧情发展来说是有点像冉冰牺牲了不过真的希望这对cp可以长久下去如果原本的计划真的是这样希望艺画开天可以改改设定吃书也没关系哈哈哈,551,7,0,1599845004,1599846784,1599827183,如何评价《灵笼》第十集？,420623639,0,1,0,0,1,0,84,0,3,0,0,0,1147,111,97,0,19,0,0,0,0,0,16,33,0,17,3,71,0
落木萧萧,1467821720,1,0,0,结合那句“方法倒是有，你敢吗？”，我觉得医学博士很可能会让冉冰献祭自己的生命源质去救马克啊，就像PV中那样。,54,8,1,1599873879,1599873879,1599827183,如何评价《灵笼》第十集？,420623639,0,1,1,1,1,0,25,0,0,4,0,0,118,15,39,0,3,0,0,0,0,0,36,14,0,32,3,77,0
每一件事都要个理由,1468107205,-1,0,0,有精彩的部分也有瑕疵精彩的部分，地面部队正式登场，本来以为白发小姐姐是那种贼高冷的女神，却没想到是个萌妹，他们已经适应了地面环境，面对猎荒者搞不定的噬极兽，能够轻松应对，应对方式并不是靠蛮力，而是技术。果然，信息就是武器，他们知道噬极兽习性，小噬极兽奔跑时直接把他们绕开了，说明他们身上有干扰噬极兽的装置或者信息，影响了噬极兽的感知，所以跟猎荒者相比，他们更专业。从他们的小动作可以看出，跟灯塔那种大家都很严肃的生活方式不同，地面的人表现出的是从容和乐天知命。这一集打开了新的世界观。瑕疵部分，如果不是拿到剧本，4068能杀马克的概率几乎为04068正面打不过马克，马克行动时，周围有同伴，会帮他警惕危险，上民和尘民等级森严，4068能接触到马克的机会很少。所以查尔斯处心积虑的让4068去杀马克几乎等同于告诉马克，我要来杀你了，坚定马克政变的决心。有那么多猎荒者和重力体驾驶员，有软肋和人性弱点的不止4068，查尔斯偏偏选了个概率最小的。,420,3,1,1599883877,1599883877,1599827183,如何评价《灵笼》第十集？,420623639,0,1,0,0,1,0,160,0,0,0,0,0,249,57,10,0,6,0,0,0,0,0,33,6,0,5,0,79,0
Brandon,1468596429,-1,0,0,个人想法，如有不当请理性指出。即使在末日危机下，每个群体还是有自己的利益，这点无可置否，毕竟不苛求每个人都能够无私。但是为什么光影会令人不爽，因为他们为了自身利益不择手段。但是另一方面，代表正义一方的马克却没有掌控大权的能力，这也算是观众的期待吧。光影会威胁的套路算是正常的吧，前面几集能看出点，尤其是和马克矛盾这么激烈的情况下。马克被抹脖子算是一个转折点也是剧情的正常发展，毕竟说了城主儿子和马克的矛盾，不弄点啥吧，就这么回去，治好了城主，那真的没啥看点了。4068真正就是小人物的悲哀，没有尊严还被利用。但是不否认任何一个小人物对于事物发展的推动，估计后面会有更加更重要的事情与之相关，会不会站出来，很有可能。比如把城主儿子给出卖了啥的，哈哈。马克是主角，不会真的挂了吧，不会吧不会吧。但是怎么活过来，感觉会联系到地面的克隆马克。当然，现在的信息都还不明确。不过，冉冰倒是真的很理性，面对脊蛊加受伤的马克，算是贴合了副官的身份，猎荒者需要临危不乱。另外，明确了地面人。神秘的地面人，挺搞笑的，算是添加了一些乐观，积极的元素吧。毕竟之前的剧情略有沉重。就这样吧，还是很棒的动画。,490,0,0,1599901304,1599901304,1599827183,如何评价《灵笼》第十集？,420623639,0,1,0,0,0,0,32,0,2,0,0,0,28,8,3,0,9,0,0,0,0,0,16,1,1,2,5,20,0
等风,1468071597,-1,0,0,接下来就是女主牺牲，马克开挂，灯塔革命，男主回归大地寻找地上人，组修仙队对抗噬极兽？揭开人类作死历史，下一季逃离地球的地外人回归？,65,3,0,1599882574,1599882574,1599827183,如何评价《灵笼》第十集？,420623639,0,1,0,0,1,0,28,0,0,0,0,0,14,0,0,0,0,0,0,0,0,0,31,1,0,18,4,61,0
前行的小伙,1468941479,1,0,0,看了第十集，重新回去看了17分钟的pv细节实在太多了，出现过月球上面还有灯光，反对星际移民的标语，月球还有大量人类居住，现在看地面也有大量人居住。马克完成了进化可以利用猩红素。狙击手使用生命源质作为能量的枪。地面人类在第十集展现的能力，吸收猩红素，使用生命源质确实是融入了玛纳生态，但是他们明显目标是在玛娜之花，要么是提取生命源质，要么是杀死玛娜之花，玛娜之花是生态的基础所以杀死玛娜之花是不是噬极兽也就可以杀死了。要不然不死的设定还是太怪异。接下来就想看看使用生命源质能带来那些能力。噬极兽有喷吐光线和火球，不死，飞天。本来以为噬极兽进化成为了银发女，现在看噬极兽和银发女是两种进化方向，银发女是控制生命源质甚至做到完全不外泄生命源质，连噬极兽对他们都没反应，并能自主吸收猩红素。而噬极兽则是任猩红素改造身体，不知道改造的终点是什么。,368,3,0,1599914762,1599914762,1599827183,如何评价《灵笼》第十集？,420623639,0,1,1,0,1,0,28,0,1,1,0,1,25,9,8,0,3,0,0,0,0,0,262,18,0,56,20,174,9
wk1998,1467777308,1,0,0,4068让我想起了被绑匪威胁的家属，害怕撕票然后不敢报警，最终绑匪拿钱撕票。略微不适，但是相对而言，第9，10两集水准都很高，尤其是黄毛威胁那一段。整体而言，满足了我对于灵笼的期望。目前而言，可以预见的是马克肯定死不了【笑】，估计是给xx博士改造了。莫名有种昭和假面骑士的感觉啊。哈哈，继续期待了。ps：更新太慢，吐槽,159,3,0,1599872065,1599872065,1599827183,如何评价《灵笼》第十集？,420623639,0,1,0,0,1,1,280,0,4,0,0,8,968,100,29,0,40,0,0,0,0,0,91,41,0,24,5,316,0
屠羊宰猪啃狗腿,1468314712,0,2,1,各位以后看弹幕时建议镜头转到4068时可以关掉，会很影响观感。看这个限制动画的，18周岁以上的人有多少？我看估计半数都不到。希望在弹幕和评论里带节奏的人能有点独立思考的本事。艺画开天还是可以的，倒叙的方法说了4068的叛变过程。其实不能算叛变，这个至多就算被胁迫做了暗S的事情，他真的没得选。实惨工具人，我最喜欢这个角色（以尘民的视角来看）。求求官方给他留情点吧，受不了了。角色是故事的奴隶，希望官方一视同仁。截图来自@Junglelk的回答https://www.zhihu.com/answer/1378336217,260,5,7,1599891221,1599918631,1599827183,如何评价《灵笼》第十集？,420623639,0,1,0,0,1,0,16,0,20,0,0,0,129,0,0,0,122,0,0,0,0,0,12,2,0,7,0,52,4
暗影行者,1467379247,1,0,0,坑太多了，感觉他要填不完，害怕变成秦时明月那种。。。,26,4,0,1599835891,1599835891,1599827183,如何评价《灵笼》第十集？,420623639,0,1,0,0,1,0,47,0,2,0,0,0,123,14,3,0,6,0,0,0,0,1,31,9,0,7,1,77,0
默默囧rz,1467487088,0,0,0,这一集金毛教主教唆寸头杀马克的戏可以说是很细腻了，人物情绪的起伏拿捏的不错，虽然已经猜到被刺死的不是寸头的朋友，但是细节令人满意，包括半截蟑螂的苟活象征下民像小强一样顽强，血液滴落的视觉感，被刺死的下民临死前的挣扎等等。,110,2,0,1599840167,1599840167,1599827183,如何评价《灵笼》第十集？,420623639,0,1,1,0,1,0,32,0,3,0,0,0,25,8,2,0,16,0,0,0,0,0,11,6,1,11,0,67,0
人都傻了哦,1468665674,1,2,0,别的我不管，不要战力直接崩坏就好,16,2,0,1599903785,1599903785,1599827183,如何评价《灵笼》第十集？,420623639,0,1,0,0,1,0,68,0,4,0,0,0,159,32,6,0,18,0,0,0,0,0,15,10,0,4,2,83,0
AresserA,1467448323,1,0,0,地面幸存者给我的感觉很像银河护卫队另外，我想要冉冰画的画儿,29,2,2,1599838552,1599838552,1599827183,如何评价《灵笼》第十集？,420623639,0,1,1,0,1,1,68,0,2,0,0,31,286,43,35,0,10,0,0,0,0,0,368,81,2,248,58,583,3
面具先生,1467838502,1,0,0,冉冰舍身救马克，基本没有悬念了。地面部队的出场惊艳到我了，科技树很有意思，京剧脸上看到了攻壳特工队的影子。,53,2,0,1599874506,1599874603,1599827183,如何评价《灵笼》第十集？,420623639,0,1,1,0,1,1,259,1,203,14,0,1,5134,598,1222,0,0,0,0,0,0,0,189,307,0,255,18,840,2
陈YH,1467554267,-1,0,0,艺画开天的技术能力果然是国内首屈一指的，之前预告片马克脖子上的伤痕和对腥红素的使用能力也接上了，大概率剧情早就设定好了，并没有大范围改动，按pv里马克的状态，冉冰可能凶多吉少，希望艺画开天能手下留情，马克他们会重回地面，埃隆老师会回来助马克一臂之力，第十集算是对这次任务的总结吧，没有上一集那么震撼，但是伏笔更多，而且地表的银发小姐姐也出现了，地表人相对灯塔，对噬级兽了解更多，显得游刃有余，只不过银发小姐没有预告那么高冷，预告有种大反派的气势，这里感觉是一位聪明，自信的学霸美少女,241,2,0,1599843800,1599843800,1599827183,如何评价《灵笼》第十集？,420623639,0,1,0,0,1,0,12,0,0,0,0,0,8,0,0,0,0,0,0,0,0,0,553,3,0,10,22,155,0
七嘴八舌聊电竞,1468800213,1,2,0,哎？第十级？进去看看。什么！马克被割喉了！我还没看呢大哥！,29,2,1,1599909076,1599909076,1599827183,如何评价《灵笼》第十集？,420623639,0,1,1,1,1,0,1135,12,35,138,4,139,26432,1988,2908,0,114,0,0,1,0,1,266,18254,2,21,25,1266,0
沐雨橙风,1468843797,1,0,0,查尔斯一步步攻破4068心理防线的那一段剧情真的太精彩了除了前面有人分析的那些，我觉得还有一点就是死去的尘民被揭开蒙面时，4068站在尸体面前看到不是4277明显松了一口气，说了一句还好不是4277，完全没有想到死在他眼前的也是一个生命查尔斯特意设置这一步就是想让4068意识到只要他最看重的4277没有出事，他是可以做到漠视他人的生命的这剧本简直绝了,176,1,0,1599910923,1599910923,1599827183,如何评价《灵笼》第十集？,420623639,0,1,0,0,1,1,12,0,3,0,0,0,4,0,0,0,21,0,0,0,0,0,90,10,0,9,2,73,0
叫我鲫鱼就好,1469103257,1,0,0,可以作为单独一章科幻短片来出圈。艺画开天nb！！！,25,0,0,1599920452,1599920452,1599827183,如何评价《灵笼》第十集？,420623639,0,1,1,0,1,0,350,0,6,0,0,2,3641,271,74,0,70,0,0,0,0,0,4184,895,0,480,62,3862,16
吴下阿萌,1467435180,-1,4,0,如果说前面还让你没觉得有多末日，第九集绝望感绝对拉满，第十集眼看正道的光の主角光环の马克队长开大挂杀死噬极兽，瞬间被4068背刺，心脏又被高高拉起，不得安慰。嗯，就，想起当年被巨人支配的恐惧了。还有最后一幕。这又咋那么像摄魂怪呢。可怕我反正高度怀疑，噬极兽，花都是以前人类瞎搞基因工程造出来的孽。未来必然得靠魔法才能打败魔法。灯塔的人类都只有当肉土的命。,177,3,1,1599837986,1599838017,1599827183,如何评价《灵笼》第十集？,420623639,0,1,0,0,1,1,306,0,0,0,0,0,826,80,54,0,0,0,0,0,0,0,13,960,0,20,0,214,4
参半,1467229147,-1,0,0,第九集那么惨，结果第十集马克真就单挑巨型噬极兽，强的过分，还因为燃料耗尽从空中掉下去，这段马克是把智力点换到武力上了吗？还有灯塔里的阵营，城主的最为神秘，马克的人均正派，查尔斯的光影教会。。。一时间不知道怎么说，只是觉得光影教会的存在，查尔斯能管理教会，太不合理了。,133,4,5,1599830249,1599830249,1599827183,如何评价《灵笼》第十集？,420623639,0,1,0,0,1,0,8,0,0,0,0,0,4,0,0,0,4,0,0,0,0,0,4,0,0,53,0,11,0
EJYL,1468831506,1,0,0,如果只是拿朴素道德观的“好”和“坏”来定义4068我只能说观众可能完全没理解到编剧通过刻画黄毛PUA4068的过程来塑造出人性的复杂如果实在难以抛开朴素道德观的价值影响可以把自己带入4068，把你认为人生最重要的人替换4277你想想自己会怎么做,122,1,0,1599910399,1599910399,1599827183,如何评价《灵笼》第十集？,420623639,0,1,1,1,1,0,76,0,4,1,0,5,79,22,158,0,21,0,1,0,0,0,145,234,2,124,5,173,0
画圆画方,1468821264,-1,0,0,看的我全程嘴巴没合上,10,1,0,1599909962,1599909962,1599827183,如何评价《灵笼》第十集？,420623639,0,1,0,0,1,0,3,0,0,0,0,0,2,0,0,0,0,0,0,0,0,0,10,0,0,29,4,7,0
幻之第六人,1468756363,1,0,0,英雄，无论是多么无私的英雄，在绝对的利益面前也是那么的渺小无助。跟历史上的万人敌结局类似，被不知名的小人物给阴了。,57,1,0,1599907357,1599907357,1599827183,如何评价《灵笼》第十集？,420623639,0,1,1,1,1,1,325,0,3,0,0,8,316,131,13,0,16,0,0,0,0,1,99,123,1,21,6,393,0
Voices,1468655024,1,2,0,看到最早灵笼pv这背上的光没这次被寄生女博士信誓旦旦的样子绝对是获得新能力的铺垫nice,44,1,0,1599903404,1599903453,1599827183,如何评价《灵笼》第十集？,420623639,0,1,1,0,1,0,122,0,9,0,0,1,232,35,15,0,88,0,0,0,0,0,15,16,1,26,1,229,0
黄佳伟,1468938258,1,0,0,两周一更的《灵笼》终于迎来了第十集，在上一集编剧猛发刀，导致很多人领便当，然而第十集编剧又继续发刀，并且刀得更狠，马克在与花萼兽战斗后，被自己人背叛，导致他快要领便当了！马克遭人背叛第十集一开始是马克与花萼兽的战斗，《灵笼》的战斗做得还是很不错的，整个过程很流畅，马克化身“钢铁侠”单挑花萼兽，就对战过程来看，马克是无法杀死花萼兽，除非有特殊武器，凭借马克现在拥有的重力体只能击退花萼兽，从它手里脱身是没什么问题的。本来马克是能安全·离开生态密集区的，但因为重力体能源不足，再加上马克发现了一群地面幸存者，导致它不慎被花萼兽抓住，而这集出现的地面幸存者也将给我们揭晓部分地面的信息，关于幸存者的信息和推测，老白放在下一篇文章里给大家细说，这次主要来谈下马克的事。因为马克被花萼兽抓住无法离开重力体，而花萼兽因为受伤而陷入沉睡中，以此恢复伤势；此时之前离队的4068登场，帮助马克打开了重力体，本以为4068会救马克，没想到结果恰恰相反！在4068给马克打开重力体后，并不是把马克拉出来，而是对着马克脖子来一刀，这剧情反转的太快了，基本没人猜得到4068要杀马克吧！哪怕是马克也一样想不到，因为4068曾多次立功，马克也救过他，根本想不到会被4068背叛，编剧这刀比起上一集还要狠，上一集是猎荒者领便当，这回轮到马克了！4068背叛理由看到4068杀马克，可能很多漫迷纳闷他为什么要这么做？这一切都是为了女人，为了爱！如果4068不杀掉马克的话，那会死的将是4277，因此为了救下4277，4068只好出此下策，对于4068这次行为，相信换成其他人应该也会这么做，就如同马克为了冉冰，甘愿与灯塔为敌一样。如果大家真要责怪的话，应该去责怪查尔斯，是他命令4068去杀掉马克的，当时还向4068表演违背他命令的下场，那便是刺死4277。也许有小伙伴会说：“可以找马克帮忙啊！”别那么天真了，4068是尘民，马克不一定会帮他，哪怕马克选择帮他，如果查尔斯是光影教会命令带走4277的话，马克也同样没有办法，在灯塔里，查尔斯的权利几乎一手遮天，4068无法反抗！马克会死吗？最后来说下马克的情况，目前马克被割喉，再加上失血过多，还被脊蛊寄生，已经处于濒死状态，活下来的可能微乎其微！但马克作为主角，不可能真的死，因此从目前状态来看，马克极有可能会被改造，甚至可能如同《寄生兽》那样与他背后的脊蛊共生，并且通过控制脊蛊来吸收腥荭素，甚至能提高他的生命源能，让马克的实力得到质的飞跃。之前都不曾给我们揭晓过地面上存在幸存者，但是第十集却给出了答案，让我们知晓地面还真的有人类能居住，那么他们是怎么在地面生存的呢？猜测极有可能是和噬极兽共生有关，因此才能让他们没有受到腥荭素的影响，同时也懂得如何提防噬极兽的袭击，再结合第10集马克被脊蛊寄生，两者其实是有联系的，马克也将被改造成能在地面生存的人。咱们下次看到马克登场，或许马克将会是下图这个样子，身上有一部分是机甲，并且身体还安装了吸收装置，能吸收生命源能和腥荭素，以此提升他的身体强度和实力，至于是否如此，咱们等下集揭晓了。最后对于这集马克遭背叛大家怎么看呢，欢迎发表自己的看法，你认为马克会死吗？,1318,1,0,1599914643,1599914643,1599827183,如何评价《灵笼》第十集？,420623639,0,1,1,0,1,0,38,0,18,13,0,5,105,17,25,0,73,0,0,0,0,1,38,10,0,4,0,57,0
幻化的雨,1468731148,-1,0,0,感觉主角“挂掉”类似巨人艾伦被巨人吃掉的剧情从观看者角度，主角是必然不会死的，但目前剧情他却“狗带”了，必然会极大调动观众情绪，后面就看编剧大显神通，把主角写活。往往主角归来后都会开辟新的篇章，像艾伦是获得了巨人的能力，从而使战胜巨人有了可能；相信马克也会获得有种强大的能力从而能够战胜噬极兽。从正式17分钟pv中马克淡定背对噬极兽，而且也没有重力体加持，说明极大可能可以直接手撕噬极兽亦或是变身之类。总之拭目以待，半月后见吧,213,1,0,1599906339,1599906339,1599827183,如何评价《灵笼》第十集？,420623639,0,1,0,0,0,0,21,0,1,0,0,0,7,0,0,0,4,0,0,0,0,0,10,1,0,20,0,25,0
罗夏,1467432983,1,0,0,在知乎，你要不骂一骂灵笼，不挑挑刺，你都不算合格的知乎装逼用户,31,36,5,1599837886,1599837886,1599827183,如何评价《灵笼》第十集？,420623639,0,1,1,0,1,1,78,0,0,0,0,0,658,74,21,0,0,0,0,0,0,0,3,31,0,0,0,98,0
阿拉希,1468715612,-1,0,0,第二季第一集比较水，后面两集节奏快多了，就是第九集发便当实在太快乐，嗯，是太快了，数都数不过来，第十集发挥稳定了不少。第十集最精彩的不是马克大战BOSS，而是4068干脆利落的干掉马克，黄毛使用手段迫使4068屈服这两段,110,0,0,1599905698,1599905698,1599827183,如何评价《灵笼》第十集？,420623639,0,1,0,0,1,0,355,0,0,0,0,1,211,32,13,0,0,0,0,0,0,0,408,461,1,69,38,557,1
空长啸,1468564849,-1,0,0,地面势力八成是彻底融入了玛娜生态而且看几人的高科技重工业设备，地面/底人估计也挺多的,42,0,0,1599900131,1599900131,1599827183,如何评价《灵笼》第十集？,420623639,0,1,0,0,1,0,93,0,0,0,0,0,964,70,72,0,0,0,0,0,0,0,34,20,1,8,3,104,0
新视野,1468588781,1,0,0,灵笼编剧没有心！！！坐等灵笼封神,16,0,0,1599901012,1599901012,1599827183,如何评价《灵笼》第十集？,420623639,0,1,0,0,1,1,77,0,7,0,0,1,111,30,12,0,40,0,0,0,0,0,61,27,0,48,3,486,1
姬姒大人,1468527908,1,0,0,艺画开天你没有❤️,9,0,0,1599898848,1599898848,1599827183,如何评价《灵笼》第十集？,420623639,0,1,0,0,1,0,131,0,3,0,0,0,689,84,179,0,12,0,0,0,0,0,1,26,1,14,1,8,0
三更学子,1468539821,1,0,0,我只想要地上组织的BGM,12,0,0,1599899256,1599899256,1599827183,如何评价《灵笼》第十集？,420623639,0,1,1,0,1,1,60,0,3,0,0,0,950,68,57,0,14,0,0,0,0,0,11,48,0,53,0,126,0
彬彬,1468516346,-1,0,0,灵笼播出到现在最为令人诟病的就是他的剧情，虽然每一集时长都很是令人满意，但到了第10集剧情的推进还是有点慢，但是他的氛围塑造我觉得是非常惊艳的，很多次我都能代入进去，感受这末日的气氛。这一季只剩下两集了，我也不奢侈剧情能推进到什么程度，只求在结束的时候能给出一个基本的世界框架，为下一季能更好哦发展作出铺垫。,154,0,0,1599898450,1599898450,1599827183,如何评价《灵笼》第十集？,420623639,0,1,0,0,1,0,4,0,0,0,0,1,0,0,0,0,0,0,0,0,0,0,0,0,0,3,0,5,0
蒜香排骨,1468626936,1,16,0,对比一下BGM，马克他们是蛮力的，是恐惧的，是绝望的，始终有一种无力感。白月魁他们是轻松的，淡定的，是愉快的，轻松就解决了马克他们的众多困难。第十集后，俺只有更多疑问。1，白月魁她们到那里做啥？2，马克肯定是死不了了。那后续跟白月魁是同盟还是敌对？3，最终boss？第十集看的出来，似乎白月魁并不想杀马克他们。那，最终boss是啥？如此淡定的眼神，证明具有轻松杀死怪物的能力一开始，就介绍了飞船，飞船残骸还在，也就是人类可是拥有星际航行的能力。虽然科技树有点奇怪(到目前为止，都没看见有核武器相关的。打君王级不用核武器上亿的温度更容易些？却要用消耗灯塔的珍贵电力开搞电磁炮？嗯？)，但是，如果剧情需要，完全可以来一个，跟那个特殊植物的母星来一场星际大战啊。,328,0,1,1599902402,1599908633,1599827183,如何评价《灵笼》第十集？,420623639,0,1,1,0,1,1,41,0,2,1,0,3,72,12,5,0,24,0,0,0,0,0,6,6,0,13,2,48,0
undo,1467169063,1,0,0,甘塔马！真就开始生化人造人篇了呗,16,1,0,1599827966,1599827966,1599827183,如何评价《灵笼》第十集？,420623639,0,1,1,0,1,1,3,0,0,0,0,0,1,0,0,0,0,0,0,0,0,0,27,1,0,7,0,54,0
嗯哼,1467622619,1,0,0,问看什么动漫需要带脑子的，自己去评论区。说灵笼能代表国漫，骂灵笼就是骂国漫的，一律“呵呵”回复。以下原回答：9集10集看完，合在一起来说两句吧。先说句主观的，有一说一，有当初疯味英雄那味了。不得不说，艺画开天在情感方面的渲染和节奏把控的张力这一领域堪称一绝。想当初，入坑疯味英雄的时候，就是被疯味英雄的节奏和剧情调动着情绪欲罢不能。尤其是在关键剧情时，再配上杨秉音老师神一般的BGM简直炸裂有木有。如果对艺画开天这一点存有疑惑，或者感受不明显的，建议可以着重观看疯味英雄封神的第十集，还有被腰斩的第二部第一集女主蕾娜斯被被怪物生吃活吞那一片段。当然这一点在灵笼里也有体现，那就是第三集，马克姐姐红寇被火刑那一片段。氛围的渲染、情感的调动、节奏的把控，当真，大多数其他国漫都难以望其项背，更极少能有与其比肩者，至于超越的更是寥寥无几。在我的印象里，国漫里面也就第一季镇魂街能有如此优秀的情感调动能力。甚至于我追的最久的秦时的制作公司，玄机在这方面都稍逊一筹。不过话又说回来，同样的特点，同样的公司，为什么当初疯味英雄都是清一色的夸好，现在换成灵笼却肉眼可见的极大一部分人清一色的喷？当然除了那一小部分屁股不干净，立场不正的黑子不用理会，剩下的一大部分人喷灵笼根源都能找到。这么说吧，灵笼和疯味英雄最大的区别是，疯味英雄前期是没有背景和设定的，只有剧情。也就是说，艺画开天来制作疯味英雄的时候是一边编剧情，一边圆设定和背景的，只要剧情需要那么随时都可以添加和调整设定和背景，这样一来剧情发展起来自然就可以畅通无阻，肆意妄为，为所欲为。但灵笼不一样，灵笼从一开始就把背景交代出来了，这样一来剧情的发展就有了局限性，剧情的发展需要顾忌背景，也就是故事逻辑性。就像烙饼，一个有模具，一个没模具，偏偏艺画开天又喜欢放飞自我的摊饼，这一下矛盾就出来了。怎么说呢……写到这里的时候就已经开始乱了，没什么中心，凭感觉写吧。都十集了，再骂灵笼也没什么意思了，要弃灵笼的早就弃了，喜欢灵笼的你骂了，他们也看不懂，没意思。总结一下灵笼在情绪调动，节奏把控方面是真的不错，但是在逻辑理性方面就差了很多，完全可以说是稀烂，所以看得时候真心提醒，阅历丰富、理性思维强的人不要带脑子，跟着艺画开天的节奏走就完了，不然完全是找罪受。就像某一个回答里说的：玩个拳皇，你还关心它讲的什么故事？衷心提醒：阅历丰富、逻辑思维强的观众，慎重带脑子。,1002,17,24,1599851422,1599896771,1599827183,如何评价《灵笼》第十集？,420623639,0,1,0,0,1,0,96,0,4,0,0,0,633,71,129,0,38,0,0,0,0,0,89,2137,0,5,7,111,0
学不会的辰光军,1469050822,-1,0,0,不看垃圾,4,1,0,1599918624,1599918624,1599827183,如何评价《灵笼》第十集？,420623639,0,1,0,0,1,0,18,0,1,0,0,0,8,0,0,0,8,0,0,0,0,0,31,0,0,0,1,23,0
给次,1468763891,-1,0,0,别扯意识形态了，生存都困难的情况下不讲求生讲政治讲意识形态讲爱情，你的经济基础允许你活过明天么？封建社会尚且能把人性逼迫得千奇百怪，你都末世了还能在那儿搞政治斗争，搞感动灯塔，感动噬极兽，这不是扯淡么？可能按照灵笼的世界观，设定是比较宏大严谨有深度的，但故事没讲好，现在除了画面一无是处，白瞎了我因为幻境诺德琳的移情，也白瞎了我一开始的期待。你讲故事要么以小见大，要么以表见深，要么大而不空。现在灵笼就处在大而且空上面，以深度为表面，细究反倒很肤浅，以小见大更是无从谈起。反其道而行，还有这么多人夸，看来还是挺符合大众娱乐向无脑的作品定位。要问灵笼和元龙前四集（后面几集就不行了，不算在内。）有什么区别，一节奏没人家好，二爽得没有人家理直气壮，三只能靠噱头维持深度这个13格而已。,340,3,5,1599907634,1599907634,1599827183,如何评价《灵笼》第十集？,420623639,0,1,0,0,1,0,109,0,0,1,0,0,215,22,10,0,0,0,0,0,0,0,8,137,0,0,0,156,0
真忘私绵,1467392513,1,0,0,画面构图气氛还有剧情的卧槽都很美国末日3……连音乐也很像。https://www.zhihu.com/video/1287887693964034048,76,0,1,1599836372,1599837568,1599827183,如何评价《灵笼》第十集？,420623639,0,1,0,0,1,1,93,1,3,1,0,0,1739,510,1098,0,19,0,0,0,0,0,3,391,0,5,1,88,0
西西弗,1468448060,-1,0,0,这动画的剧情能看?我第二集就弃了,16,0,6,1599896047,1599896047,1599827183,如何评价《灵笼》第十集？,420623639,0,1,0,0,1,1,11,0,0,0,1,11,13,2,3,0,8,0,0,0,0,0,169,3,1,38,13,16,2
有梦想的咸鱼,1467605380,1,0,0,第十集不谈别的，只谈谈剧情。4068会以这样的形式跳反我是没想到的，感觉很不合理。4068之前的塑造里也算有点灵性，这期这个抉择是真的就为了剧情发展了吧，非常不合理。还有人说黄毛收复人手段高明？这不就是简单的威逼利诱吗？而且做的很难让人信任，无非是剧本这样演罢了。很多人都说这是4068没得选，是这样吗？如果你是4068，你会相信你完成了任务黄毛就会收手吗？不把你俩一起杀了或者丢出去顶罪会留着你？而你反了黄毛把东西都告诉马克，加上对马克的救命之恩马克会不管吗？马克健康的完成任务回去以他的威望会保不住一个无辜的小女孩？再不济也比去相信黄毛机会大吧。再者了4068他难道不考虑这么做了他喜欢的人希望这样吗？？好就算你说4068是个傻子就是信黄毛，那你杀马克就这样杀的？在明知道救援要来了的情况下在明知道气管破了可能不会死的情况下这么杀？你不怕没杀死的？你真想让4068动手给他做个情绪崩溃对着马克乱戳或者直接插脑门上不行？真就为了就一口气强行接剧情的？,426,2,18,1599848486,1599848486,1599827183,如何评价《灵笼》第十集？,420623639,0,1,1,0,1,0,71,0,6,1,0,2,596,58,25,0,46,0,0,0,0,0,68,374,7,6,11,95,2
浅夏.韵歌,1467535944,-1,0,0,只能说还行，但主线剧情推进不大，第10集给我的感觉不如第9集惊艳（剧情这一块），第十集的亮点：1、开局打斗挺精彩，2、填了pv的坑。然后地面的幸存者露个面（稍微展现一下能力）就结束了，第10集，大致是这些内容。目前我对灵笼的整体评价：有点太过于慢热，而且还有划水嫌疑，一部优秀的“慢热番”是兼顾“渐入佳境”的，但灵笼并没做到这一点。灵笼总共12集，我很好奇最后两集“艺画开天”该怎么反转，填坑，如果“三体动漫”也这么拍摄，肯定是不行的，前期就会劝退很多人，灵笼还没完结不好做决定，但如果一直这么下去，灵笼也基本可以弃番了，同时艺画的“三体动漫”也可以不看好。对比艺画的同类作品“疯味英雄”，灵笼后期的剧情，目前来看远逊于《疯味英雄》。,317,5,8,1599842663,1599847841,1599827183,如何评价《灵笼》第十集？,420623639,0,1,0,0,1,0,7,0,0,0,0,0,9,5,5,0,0,0,0,0,0,0,11,3,0,6,0,16,0
暗卓塔雅,1467196844,1,0,0,地面人也太有味道了吧。,11,12,2,1599829083,1599829083,1599827183,如何评价《灵笼》第十集？,420623639,0,1,0,0,1,0,123,0,11,0,0,1,713,53,31,0,46,0,0,0,0,0,166,16,0,251,19,161,0
jimmat,1468778243,-1,0,0,很失望，白毛女那一行人的出现，彻底让剧情往武侠玄幻走了。还有就是设定和剧情有强烈的违和感。设定是末日，人类物资贫乏。可剧情里面，一群上民在谈情说爱，这说明物质上没那么紧张啊，让人都思淫欲了。这灯塔制度就是有问题，和生产力不符。可设定里确实物资紧张，大部分全靠捡，这就显得马克全员无脑了。,143,0,4,1599908192,1599908644,1599827183,如何评价《灵笼》第十集？,420623639,0,1,0,0,1,0,132,0,10,0,0,0,98,15,1,0,49,0,0,0,0,0,58,3,0,4,2,200,0
暮晓时逝,1469043768,-1,0,0,有些人说，感觉银发女一行人的出现就是修仙，导致设定让人失望的成为玄幻了。但是我要说，恰恰就是这些人的出现，让剧情变得合理！因为在这些人出现之前，每次我看到那些怪物，我就觉得离谱！仅仅是因为人类污染世界、科学实验出问题，就产生了这么多打不死，再生能力极强，繁殖能力强以及智力高的超级生物？也就是说这个世界遗留下的废弃物生成了一群比以往任何生物都要强千百倍的超级生物？上帝：淦！当时我第一次了解到这些怪物的设定时我就在想：这些丑怪兽的出现绝对是有些人类故意这样做的，那既然有人导致的超级怪物，也一定会有人造出了超级人类果不其然所以说，灯塔上的那些武器干不过怪物是情有可原的，普通科技怎么和超级科技导致的生物相比？能五五开的，就只有变异人类了,318,1,0,1599918370,1599918370,1599827183,如何评价《灵笼》第十集？,420623639,0,1,0,0,1,0,10,0,0,0,0,0,4,0,0,0,4,0,0,0,0,0,0,0,0,0,0,5,0
一颗麋糖,1467219525,-1,0,0,怎么说看完之后只有一个点4068真的是让我摸不着头脑看了b站碧洛的第九集解析的时候我还觉得蛮心疼可是第十集看完之后我只觉得人类命运共同体这句话在他身上用真的恶心了艺画你真的可以的虾仁猪心了虽然是为了救人但是这一段真的让我很讨厌他可能也是我在上帝视角没办法代入他本人4068虽然有人的善良末尾他的忐忑在我看来则是杀人的不安对马克和其他热门一点愧疚的心都没有这个人物太矛盾了但是也很成功只不过太过于强调他的坏和他的好有时候感觉又很刻意希望可以再打磨一下打斗场景看着就是爽还是艺画希望下一集可以解答白姐和地面人类的事儿还有马克和冉冰的走向我以为第九集那种让我体会到只用死人渲染末日灾难的气氛会延续到第十集我会更失望但是艺画没有这集还是很好看的两个世纪之后再见了,327,2,2,1599829894,1599829969,1599827183,如何评价《灵笼》第十集？,420623639,0,1,0,0,1,0,8,0,0,0,0,0,6,0,0,0,0,0,0,0,0,0,0,22,0,0,0,8,0
木星人,1468706806,1,0,0,剧情很到位，一些特写都是必要铺垫。1、那个尘民的一系列操作有点过分巧合了，个人感觉，虽然说被策反解释的很合理，但是上集的一系列迷惑操作没有看出和马克有任何问题只能说是特别的暗示，不过在第十集刺杀马克在表情上做了细致的刻画2、马克的失神也安排的合情合理（因为前面几集，马克见到地表幸存者都会失神，陷入一小段回忆）。3、每次冉冰的特写，外景（雨天，黑，独间等）也预示了不好的事情。4、地表幸存者的系列操作有点浮夸，每人的特异能力有点迷惑（可能是挖的坑，一下子有了修仙的感觉…科技与练体结合）5、众猎荒者的表现（经典，每个人的反应，都符合前面几集的人设，特别是医护群体，女博士…的手下采集样本直接“忍着点，拔&#34;哈哈哈哈！感觉是个伏笔，不知道是不是要体现女博士对研究的狂热）6、冉冰的表现…有点和前面人设不符合，但体现出的不是崩塌，而是能感到人物刻画细腻（过分的镇定，合理的处理——副队光环）以上差不多了吧…,404,1,1,1599905350,1599905350,1599827183,如何评价《灵笼》第十集？,420623639,0,1,1,1,1,0,74,0,5,0,0,8,111,75,219,0,16,0,0,0,0,0,14,30,0,1,0,82,0
等你吃饭,1468635947,1,10,0,第十集算是承上取下的一集，将灵笼前期铺垫的剧情与先前放出的pv联系在了一起。1.马克背部寄生的脊骨虫经过嘉莉博士的改造，临渊者计划，达到了互利共生的关系，马克获得了吸收猩红素的能力，并且与地面小队里面鬼武者那个不同，鬼武者是吸收猩红素之后，放屁排毒。而马克是将猩红素转化为自己所用。2.冉冰没了，根据剧情的暗示，冉冰应该是牺牲自己成就马克的超能力。艺画开天，你没有心！！！3.4068这种人物塑造很立体，有点《权游》那种感觉了，我们开了上帝视角就不要去指责人家了，作为一个尘民，想活下去没有错。并且我也不会觉得他会黑化，作为一个从第一集开始就跑龙套的角色，他跟主角马克经历的完全不一样，后期如果灯塔要发生变革，4068可能会起到很重要的作用。4.之前看了一个分析，灵笼反射的是东西方文明的碰撞，这个分析现在剧情有这种感觉了。灯塔上面大量的西方元素，光影会，上民尘民之前严格的阶级划分，清一色的西方面孔，少有东方元素，灯塔原本就是个监狱，澳大利亚最开始也是罪犯流放地…而地上小队则适应自然，开发出了一套与灯塔截然不同的装备系统，并且人物除了白发妹子，其他几个都是亚洲面孔。白发妹子手上拿的唐璜刀，说的那句话也是出自佛教。第十集结尾，地下小队应该是要切开玛娜之花获取生命原质。5.地上小队对于灯塔来说，可能并非是敌人，至少间接两次拯救过马克。十几年前，地上人去过灯塔，和摩根谈判，应该是没谈拢，摩根说，地上人不算人，废话，人家那是适应自然进化了。个人猜测嘉莉博士实验室部分继承了旧世界基因改造技术，否则也没法将马克这个克隆人改造为能吸收猩红素，而地上人可能是旧世界基因改造出来的人，不论是旧世界的技术，还是灯塔上的改造，都可能面临巨大的风险，地下改造失败产生了各种噬极兽，灯塔上改造失败的变成了嘉莉博士培养罐里面的标本。6.pv里面细节很多，旧世界有一部分人通过星际移民走了，既然有基因改造技术，那么星际移民也很正常。下面截了四张图，都在强调，星际移民和生存税，个人觉得如果串联起来，那就是地球环境恶化，导致一部分人移民外太空，而留下的一批人，也由于环境因素，收取高昂的生存税。看这些宣传，应该是鼓励移民的，而这对于不想离开地球的人来说，加收生存税，明显是不公平的。让我疑惑的是，在这个基地，外围都是骨骼，而里面才是被抽走了生命的土，为什么？,969,1,0,1599902724,1599907608,1599827183,如何评价《灵笼》第十集？,420623639,0,1,1,0,1,1,38,0,0,0,0,0,1639,264,513,0,0,0,0,0,0,1,1,2744,0,5,0,56,0
panda,1468603432,1,0,0,我也没啥审美的能力，对“美”也没有多深的见解。就是觉得灵笼除了“好看”以外，画面，音乐，情节的配合，让它看起来像是一个艺术品，有值得玩味和赞叹的地方,74,1,0,1599901568,1599901568,1599827183,如何评价《灵笼》第十集？,420623639,0,1,1,1,1,0,12,0,6,0,0,0,47,5,2,0,44,0,0,0,0,0,25,488,0,7,3,30,0
FLASH,1467534315,1,0,0,灵笼第十集爆出了地面的白发女人小团队，从他们的出厂我们可以看到地面的人类如何生存，包括提取人的灵气从而对噬极兽进行吸引(其实是噬极兽的食物我感觉)，有一个面具人进行了空气过滤，最后白发女人的一句话一切众生本来而有，圆满清净，同于涅槃，加上背景音乐，应该是暗示人类可以回到地面和生态共生共存！4068被光影会胁迫刺杀马克，马克被脊骨寄生，被博士领走，救活mark以后，最后可能是激发马克pv里的那种状态从这集噬极兽的形态来看，是动物，植物，人的结合体，我感觉应该是人类基因工程造成的，大自然能产生这玩意？另外噬极兽的核心类似一种植物种子，有这个就可以吸收生命源质，重生，所以这个玛雅生态到底咋来的？整个生态以花为玛雅之花为基础长出了很多的变种，喜食人类源质，这比人在食物链里面的位置还高啊,343,1,4,1599842552,1599842552,1599827183,如何评价《灵笼》第十集？,420623639,0,1,0,0,1,1,41,0,1,1,0,0,30,11,27,0,4,0,0,0,0,0,90,10,0,28,14,47,1
孙慧林,1468577989,-1,0,0,第一点，我觉得冉冰内句“少了我，你行吗”还真不是一句玩笑话，既然有了马克的克隆体，那是不是可以大胆猜测，冉冰也有克隆体，或者冉冰就是白毛小姐姐的克隆体。然后晨曦大厅那会，冉冰一尘不染，地面上的小怪有了反应，有没有可能是因为冉冰放了个什么技能或者是无意间触发了被动。这次马克受伤怎么严重，冉冰有点过于冷静，只是让佳丽“摘除脊骨”，而不是先保住马克，有没有可能冉冰已经知道了马克和她自己的特殊能力，或者身世，只是了解的不是那么多而已，再或者冉冰有十足的把握将马克救回来。第二点，正常人被这么一背刺，怎么可能还活得下来，又证明了马克的生命力变态的顽强。以及马克最后的第一视角的镜头，给到了脊蛊，脊蛊说不定就是接收到了马克想要活下去的强烈欲望，然后被吸引而来附身马克，来保证马克能够存活下去。还有就是，一般被脊蛊附身的人都会被吸食殆尽，变成肉土，而附身马克的脊蛊却没有这么做，反而像再给马克专递能量。再次大胆猜测，马克以后说不定可以通过意念控制脊蛊，甚至是噬极兽来为猎荒者作战，最后的大boss甚至可能演变成噬极兽大战（雾）第三点，为什么佳丽赶来时，关注的是马克身上的脊蛊，而不是为什么马克被附身还活着，佳丽有可能知道马克的真实身份，但是没有说出来，在幕后安静地看着马克是如何发展的。而取下脊蛊，她说“就要看你们有没有这个胆”大概率是让脊骨再次附身另一个人，然后待脊蛊还没附身完成时，将脊蛊收容。可能脊蛊在附身之时，与被附身人的生命灵魂连为一体，冒然取下可能直接致死。至于引诱脊蛊附身的另一个人的人选嘛，应该是几个老兵果断答应，然后墨城飞雪等人与老兵争，最后冉冰来句“他没了我也不会独活”之类的话，自己上。然后咱的女主有可能就被刀了。,713,1,0,1599900599,1599900599,1599827183,如何评价《灵笼》第十集？,420623639,0,1,0,0,1,0,4,0,1,0,0,0,2,0,0,0,3,0,0,0,0,0,11,0,0,11,5,16,0
孟阳灵玖,1467365495,0,0,0,大胆预测一下接下来的剧情走向，极有可能冉冰小姐姐领盒饭走人了，因为发现马克被脊骨虫附体后，那个搞生物研究的博士要带去研究，当时冉冰拜托博士一定要想办法摘除脊骨虫，那博士甩了一句办法有就怕你们没个胆子。从这推测冉冰可能为就马克奉献了自己，再结合后面马克亲吻红衣女子（有感情洁癖，如果冉冰活着还亲别的女人，也太...）所以我觉得冉冰小姐姐可能挂了。马克作为主角即将开挂升级，期待。但被0648抹脖子这件事，那一瞬惊到我了，第九集的时候这个小子就鬼鬼祟祟，即使心里有建设知道会坏事，但突然直接抹主角脖子，编剧大大设计太大胆了。但对0648的回忆部分也太冗长了，半个月等一集三十分钟的番剧很惜时的好不好!还有那个地面人类团也太有味道了吧，吸入呼出的模式和“振奋人心”的背景音乐分分钟出戏。,340,1,2,1599835371,1599835371,1599827183,如何评价《灵笼》第十集？,420623639,0,1,1,0,1,1,2,0,1,0,0,0,1,0,0,0,2,0,0,0,0,0,10,0,0,0,0,4,0
凤x,1469120217,-1,0,0,不错，好看，爱了,8,0,0,1599921019,1599921019,1599827183,如何评价《灵笼》第十集？,420623639,0,1,0,0,0,0,19,0,0,0,0,0,27,8,5,0,0,0,0,0,0,0,0,1,0,8,0,0,0
wybnkurwth,1469087542,1,0,0,冉冰应该死了。记不记得冉冰问嘉丽博士，能不能摘除脊骨，嘉丽博士说的那句话。“有倒是有，就是怕你们没那个胆子。”我认为这句话就是说摘除脊骨需要牺牲，而冉冰就是牺牲了自己，救了马克。也就对应了pv里说的。估计出现在第一季完结篇。,112,0,0,1599919913,1599919913,1599827183,如何评价《灵笼》第十集？,420623639,0,1,1,1,1,0,100,0,3,3,0,10,1037,142,544,0,18,0,1,0,0,0,30,2838,0,35,1,83,0
paloma,1469119598,0,0,0,刚刚在B站看完第十集。第10集让我印象很深的有三段：1、这一集终于出现了地面上幸存的人类，或者说已经不是人类，而是改造人。其实或许已经可以算是跟灯塔上的人类并不是一个物种了。小姐姐我爱了~~期待后面马克与新人类的戏份。2、尘民4068，一个素来被B站网友怀疑是有半个主角光环，次次作死但是从未当炮灰的谜一般的光环男人。但是到第九集，尘民4068都没有特别明显的半个主人公的成长轨迹。但是到这一集4068的作用终于终于出现了。当时我看到他把马克给割喉了的时候我是：“淦，主角死了!!是完结了吗！”但是我知道主角是不会死的，至少pv里他还活着。我想啥也想不到居然是4068给马克的成长路上致命的一击。但是随后的剧情也充分解释了4068的行为动机。话说我忍黄毛已经很久了，我之前只觉得他是一个眼高于顶、靠爸爸做光影之主的头号仆人的肤浅反派。这集看完之后我觉得黄毛真的是玩人心的绝顶高手。往往有实力的绝对搞不过玩弄人心的，而且会被玩的死死的。但是一旦有实力的人懂了点权术，就可以把权臣踩死。黄毛恐吓4068的这一段就像猫玩老鼠一样。从先开始给上民的身份还是正常的反派诱惑尘民的路子，4068出于良心拒绝。黄毛开始第二步，也是常见的反派威胁路子：如果你不答应我，我就杀掉你的同伴。这里，黄毛掏出4068私自带到灯塔上的手表，4068的心理防线是第一次崩溃。之后，黄毛把蒙着脸的人质带上来。这里基本上所有人包括观众都会觉得椅子上是4068的同伴。蒙着脸就被杀掉真的是表达对生命的蔑视。黄毛还说他自己也收藏了这些小玩意。为什么尘民不可以收藏，而上民就可以？进一步说明了灯塔上严格的等级制度。尘民，尘民，生命如尘。最后，4068已经彻底崩溃，答应黄毛杀掉马克。黄毛揭开受害者的面纱，竟然不是他的同伴。这才是最绝的地方。黄毛把4068的心脏捏在手里，重捏一下再抚摸一下。这种怎么都反抗不了的无力感才是最绝望的。第三段：马克貌似跟脊蛊融合了。期待下一集的剧情。希望不要让我有一种看了个寂寞的感觉。。。。,841,0,0,1599920995,1599920995,1599827183,如何评价《灵笼》第十集？,420623639,0,1,0,0,1,0,24,0,0,1,0,0,16,21,2,0,0,0,0,0,0,0,1,4,0,2,0,28,0
达摩石神,1469083308,-1,0,0,为什么地面上的人衣服都不脏的？太假了吧，1星差评,24,0,0,1599919771,1599919771,1599827183,如何评价《灵笼》第十集？,420623639,0,1,0,0,1,0,15,0,0,0,0,0,11,0,0,0,0,0,0,0,0,0,9,0,0,16,0,21,0
黄美丽,1469058512,0,0,0,虐啊，可是比花某木兰好看多多了～为了等下一集，我又充了一年的大会员,33,0,0,1599918908,1599918908,1599827183,如何评价《灵笼》第十集？,420623639,0,1,0,0,1,1,44,0,0,0,0,3,16,6,5,0,6,0,0,0,0,0,20,12,1,13,3,86,0
游栖小森林,1469008511,0,0,0,太燃了，想加入地面组织,11,0,0,1599917138,1599917138,1599827183,如何评价《灵笼》第十集？,420623639,0,1,0,0,1,0,6,0,2,0,0,0,17,5,11,0,4,0,0,0,0,0,30,2,0,41,2,29,1
kabbboy,1468848902,1,0,0,画面过于血腥，打赌下周就要被剪掉,16,0,0,1599911140,1599911140,1599827183,如何评价《灵笼》第十集？,420623639,0,1,1,0,1,0,4,0,0,0,0,0,1,0,0,0,0,0,0,0,0,0,16,1,0,10,0,11,0
Brett,1468998752,1,0,0,想问问，这部真的只有12集吗，演得完吗，剩下最后两集,26,0,1,1599916794,1599916794,1599827183,如何评价《灵笼》第十集？,420623639,0,1,0,0,0,0,5,0,0,0,0,0,8,3,3,0,0,0,0,0,0,0,12,0,0,1,0,8,0
柔蓝,1468686398,0,0,0,我要不是看了B站up主发布的一些解析和超长pv，我真的晚上会难过得睡不着觉。艺画开天你没有心！！！听说听说鲱鱼罐头味道不错，不知道艺画要不要尝尝凸(&gt;皿&lt;)凸不过，看到灵笼做这么好，无论是画面、音效还是节奏，我都对明年的三体更期待了(｡･ω･｡)ﾉ♡,131,0,0,1599904539,1599904539,1599827183,如何评价《灵笼》第十集？,420623639,0,1,0,0,1,1,8,0,0,0,0,1,4,0,0,0,0,0,0,0,0,0,44,1,0,11,4,28,0
PAUL,1468695550,-1,0,0,(˃̶̤́꒳˂̶̤̀)6,12,0,0,1599904890,1599904890,1599827183,如何评价《灵笼》第十集？,420623639,0,1,0,0,0,0,1,0,0,0,0,0,0,0,0,0,2,0,0,0,0,0,4,0,0,19,0,3,0
fenda,1468645927,0,0,0,不是很关注剧情，看画面和打斗流畅程度就很满足了。这个制作组之后要制作三体，自带剧情。现在做的这个打斗和特效，很期待他们做的三体会是什么样子。,70,0,0,1599903097,1599903097,1599827183,如何评价《灵笼》第十集？,420623639,0,1,1,0,1,1,38,0,4,1,0,0,94,25,9,0,43,0,0,0,0,1,3,13,0,3,0,90,0
xiaofeng,1468597246,-1,0,0,新入坑建议直接看下半季，上半季拖。有兴趣的话再了解一下上半季内容。,33,0,0,1599901332,1599901332,1599827183,如何评价《灵笼》第十集？,420623639,0,1,0,0,1,0,6,0,1,0,0,0,1,0,0,0,13,0,0,0,0,0,1,0,0,4,0,26,0
Murmure,1468606633,-1,0,0,如何评价？光看这个问题，我就想去看了。bilibili我来啦19分钟后，我看完了,40,0,2,1599901695,1599902894,1599827183,如何评价《灵笼》第十集？,420623639,0,1,0,0,1,0,6,0,0,0,0,0,2,0,0,0,0,0,0,0,0,0,201,3,0,4,0,16,0
千秋,1468595670,0,0,0,这个热榜真的是，苦了尘民了,13,0,0,1599901276,1599901276,1599827183,如何评价《灵笼》第十集？,420623639,0,1,0,0,1,1,15,0,0,0,0,0,88,11,10,0,0,0,0,0,0,0,62,280,0,105,1,938,6
量子,1468587265,-1,0,0,能不能把片头给换了去.....,15,0,0,1599900959,1599900959,1599827183,如何评价《灵笼》第十集？,420623639,0,1,1,0,1,1,31,0,8,0,0,0,25,3,2,0,48,0,0,0,0,0,5,2,1,11,0,42,0
ZzY,1468546596,-1,0,0,动画才播出几集，有些人就喊剧情太差不能看。合着非得第一集就讲完故事咯。,35,0,0,1599899483,1599899483,1599827183,如何评价《灵笼》第十集？,420623639,0,1,0,0,1,0,12,0,1,0,0,0,2,0,0,0,4,0,0,0,0,0,2,1,0,0,0,6,0
muztag,1468489555,1,4,0,这波是《灵·刺客休修仙传·笼》,15,0,0,1599897576,1599897576,1599827183,如何评价《灵笼》第十集？,420623639,0,1,0,0,1,0,46,0,2,0,0,10,3521,272,70,0,17,0,0,0,0,0,15,1139,0,0,0,40,0
上山打老虎,1468528137,1,0,0,尽管目前种种线索都指向冉冰要凉，但是按艺画开天的性子，说不定就是要跟大家的猜测反着来，参照之前剧情中出现的那颗心脏等。,59,0,0,1599898858,1599898858,1599827183,如何评价《灵笼》第十集？,420623639,0,1,0,0,1,0,7,0,1,0,0,0,28,8,7,0,6,0,0,0,0,0,12,3,0,1,0,19,0
陶超,1468301093,-1,4,0,没有大神分析预测一下这两个东西吗？给了特写，感觉是很重要的东西,31,0,8,1599890746,1599890746,1599827183,如何评价《灵笼》第十集？,420623639,0,1,0,0,1,0,2,0,0,0,0,0,0,0,0,0,0,0,0,0,0,0,19,1,0,0,6,3,0
打击乐表演艺术家,1468133750,-1,0,0,结尾有些许离谱,7,0,0,1599884821,1599884821,1599827183,如何评价《灵笼》第十集？,420623639,0,1,0,0,1,1,12,0,0,0,1,0,171,40,46,0,2,0,0,0,0,0,5,14,0,0,0,15,0
龙城学习吧,1467911569,0,0,0,被惊艳到了！从第2小队全军覆没到队长被割喉，整个玩的都是心跳啊。地面人物出场也是脑洞大开。,45,0,1,1599877041,1599877041,1599827183,如何评价《灵笼》第十集？,420623639,0,1,1,1,1,0,4,0,0,0,0,0,1,0,0,0,0,0,0,0,0,0,8,1,0,0,2,5,0
无名啊,1467519377,1,0,0,只想说，剧情慢慢好起来了，人物刻画也非常棒,21,0,0,1599841731,1599841731,1599827183,如何评价《灵笼》第十集？,420623639,0,1,0,0,1,0,4,0,0,0,0,0,0,0,0,0,0,0,0,0,0,0,1,0,0,7,0,5,0
La La,1467359647,1,0,0,结合第十集内容和正式pv来看，pv发生的时间点要晚一些，因为在第十集里马克被割喉的疤痕，在pv里可以找到，那么根据现有消息我们可以做一下推测：1.埃隆在被放逐后并没有死，而是回到了灯塔2.马克被科学家救活，并获得了额外的能力3.冉冰有可能为了救马克死了...因为在pv里马克说他失去了一切，而且和医疗小姐姐接吻了很长时间，这不得不让人多想按照现有进度来看，这一季结束应该能进行到救活马克和城主，不得不说灵笼真的很优秀，希望艺画开天继续加油！,220,0,0,1599835148,1599835148,1599827183,如何评价《灵笼》第十集？,420623639,0,1,0,0,1,1,14,0,1,0,0,0,5,3,1,0,5,0,0,0,0,0,15,0,0,24,1,13,0
凌云,1468547991,-1,0,0,很多人喷4068，但真正把各位置身在4068的立场，不知道有几个可以周旋得过黄毛的反正要我去，也得杀马克还有一点，猎荒者采集物资，而且是灯塔最强战力，末日中最需要的资源和武力都在猎荒者手里，政权咋好像跑到光影会去了赶紧政变，我迫不及待得看黄毛死了,123,2,0,1599899536,1599899536,1599827183,如何评价《灵笼》第十集？,420623639,0,1,0,0,1,0,10,0,0,0,0,0,7,0,0,0,0,0,0,0,0,0,0,0,0,4,0,52,0
逍遥,1468677691,-1,0,0,求求你们别评价了好吗，为毛出一集你们就要甩出这个问题啊？？？喜欢看就看，不喜欢就不看就是了，为什么非要评价？？？？？？？？？？？？？？？？,69,0,2,1599904202,1599904202,1599827183,如何评价《灵笼》第十集？,420623639,0,1,0,0,1,1,22,0,7,0,0,0,49,0,0,0,30,0,0,0,0,0,143,2,1,62,19,96,2
小song许,1468565151,-1,0,0,全是糖全是夹心糖甜死我了啊啊啊啊啊啊啊啊疯狂撒糖啊啊啊啊啊啊啊啊,32,0,0,1599900141,1599900141,1599827183,如何评价《灵笼》第十集？,420623639,0,1,0,0,1,0,14,0,1,0,0,0,281,50,98,0,4,0,0,0,0,0,26,19,0,0,0,138,0
此木难成舟,1468589194,0,0,0,4068割喉马克那一瞬间，我竟然有一种松了一口气的感觉，只是因为4068这样黑化下去，我才能对他恨的更彻底更纯粹，如果他真的救了马克，反而我会因为自己对他厌恶的态度而感到愧疚，用角色的痛苦，换来了我卑鄙心理上的小小满足。,110,0,0,1599901031,1599901031,1599827183,如何评价《灵笼》第十集？,420623639,0,1,1,0,1,1,5,0,2,0,0,1,2,0,0,0,42,0,0,0,0,0,3,0,0,2,0,35,1
谋略,1468537442,0,0,0,啊啊啊啊啊啊啊啊啊啊啊啊啊啊啊啊啊啊啊啊啊啊啊啊啊啊啊啊啊啊啊啊啊啊啊啊啊啊啊啊啊啊啊啊啊啊啊啊啊啊啊啊啊啊啊啊啊啊啊啊啊啊啊啊啊啊啊啊啊啊啊啊啊啊啊啊啊啊啊啊啊啊啊啊啊啊啊啊啊啊啊啊啊啊啊啊啊啊啊啊啊啊啊啊啊啊啊啊啊啊啊啊啊啊啊啊啊啊啊啊啊啊啊啊啊啊啊啊啊啊啊啊啊啊啊啊啊啊啊啊啊啊啊啊啊啊啊啊啊啊啊啊啊啊啊啊啊啊啊啊啊啊啊啊啊啊啊啊啊啊啊啊啊啊啊啊啊啊啊啊啊啊啊啊啊啊啊啊啊啊啊啊啊啊啊啊啊啊啊啊啊啊啊啊啊啊啊啊啊啊啊啊啊啊啊啊啊啊啊啊啊啊啊啊啊啊啊啊啊啊啊啊啊啊啊啊啊啊啊啊啊啊啊啊啊啊啊啊啊啊啊啊,252,0,1,1599899170,1599899170,1599827183,如何评价《灵笼》第十集？,420623639,0,1,0,0,1,1,5,0,2,0,0,1,17,8,8,0,16,0,0,0,0,0,6,38,0,1,0,190,0
位沁,1467443332,1,0,0,大家不要再骂4068了。如果我的家人或者女朋友受到生命威胁，我也不能保证我不会变成吕•上司终结者•灭爸•布。,54,0,0,1599838345,1599838345,1599827183,如何评价《灵笼》第十集？,420623639,0,1,0,0,1,0,2,0,0,0,0,0,0,0,0,0,0,0,0,0,0,0,5,0,0,0,0,3,0
IBE50,1468907448,-1,0,0,越看越看不下去了。首先是无限的子弹刮砂。没有研发狙击枪的科技人员，只有旧时代捡来的武器什么的，那还没问题，但我寻思着把子弹里面的火药给抠出来，做成一个炸药，效果不比这个好100倍？这都已经不是科技树歪不歪的问题了。再加上他的物理设定。步枪的大口径子弹头是尖的，刺穿力的那一些刺骨刺刀，完全不是一个量级。能挡子弹却挡不住一个人拿几个尖锐物刺穿。你要说动脑看吧，很多地方设定都不合理，也很难带入。你要说不动脑看吧，这也不是什么爽文，处处递刀子，哪里都要受委屈，被这些怪追着打。看的玩家怪难受的。以下是个人观点，不喜勿喷。这剧情本身也很稀烂。在处处想要营造着进击的巨人，那种末日的感觉，想拍艺术大片（片头的各种人物雕塑，一种满满的艺术感），结果人基本的故事也讲不好，角色感情铺垫也太薄浅了。（Pv中马克去救一个救不回来的女的，无缘无故就给亲吻上了）甚至有一些莫名其妙的地方，就像是男主和女主为了躲起来被那一个机器强行搞暧昧。唯一的优势就是画面好，特效够。满分10分，我只能给这部片6分。,440,0,10,1599913445,1599913445,1599827183,如何评价《灵笼》第十集？,420623639,0,1,0,0,1,0,8,0,1,1,0,1,9,0,0,0,7,0,0,0,0,0,2,2,0,0,0,4,0
